"ID","wife's age","wife's education","husband's education","number of children ever born","wife's religion","wife's now working?","husband's occupation","standard-of-living index","media exposure","contraceptive method used"
1170,46,1,2,7,1,1,3,1,1,1
633,44,4,4,3,1,0,1,4,0,2
1072,24,3,4,1,1,0,3,3,0,1
725,25,4,4,1,0,1,3,3,0,3
447,35,4,4,5,0,0,1,4,0,2
359,25,2,3,0,1,1,2,4,0,1
676,33,4,4,5,1,1,1,4,0,3
1426,21,3,4,3,1,1,3,1,0,3
455,32,3,3,2,1,0,3,4,0,2
367,23,4,4,1,1,1,2,3,0,1
942,17,2,2,0,1,0,3,2,0,3
401,30,3,4,5,1,1,1,4,0,1
340,30,2,3,4,1,0,3,2,0,1
784,36,4,4,4,1,1,1,4,0,3
1219,21,4,4,1,1,1,1,3,0,2
8,27,2,3,3,1,1,3,4,0,1
801,21,2,2,1,1,1,4,3,0,3
1333,26,2,4,3,1,1,1,3,0,3
530,36,3,2,6,1,1,3,2,0,2
1164,48,3,4,4,0,1,2,4,0,1
1166,38,3,3,4,0,0,3,2,1,1
134,26,4,4,1,1,1,1,3,0,1
677,33,3,3,8,1,1,3,4,0,3
1319,34,1,2,5,1,1,3,4,0,2
277,35,2,3,0,1,1,2,4,0,1
1310,38,4,4,3,0,0,2,4,0,2
787,22,2,2,2,1,1,2,3,0,3
532,47,4,4,6,1,0,1,4,0,2
697,27,3,4,2,1,1,3,2,0,3
600,31,4,2,2,0,1,1,3,0,2
1293,28,3,4,2,0,1,3,3,0,2
913,28,4,4,2,1,1,1,4,0,3
658,32,2,3,5,1,0,2,3,0,3
443,32,4,4,2,0,0,1,4,0,2
560,38,4,4,3,1,0,1,4,0,2
1465,25,2,4,3,1,1,1,3,0,3
314,36,2,2,0,0,0,3,3,0,1
727,21,2,3,1,1,0,3,2,0,3
1119,38,1,3,4,1,0,2,2,0,1
1312,42,2,4,5,0,1,2,3,0,2
318,16,3,4,1,1,1,3,3,0,1
1388,31,4,4,2,0,1,1,4,0,3
519,43,2,4,13,1,1,2,3,0,2
1451,37,2,4,4,1,0,2,3,0,3
749,23,4,4,2,1,1,3,4,0,3
628,39,4,4,4,0,1,1,4,0,2
89,24,2,2,3,1,0,2,1,0,1
1368,28,2,3,3,1,1,2,4,0,3
495,48,4,4,4,0,1,1,4,0,2
1409,28,4,4,4,1,1,3,4,0,3
1115,21,4,4,1,1,1,3,4,0,1
1033,47,2,2,4,1,1,3,1,0,1
636,34,2,2,8,1,1,2,2,0,2
1074,38,1,2,8,1,1,3,3,1,1
555,21,2,2,1,1,1,3,2,0,2
94,47,1,2,3,1,1,1,3,0,1
1334,35,3,4,4,1,0,1,4,0,3
826,26,3,4,2,1,1,1,3,0,3
204,40,3,4,1,1,1,1,2,0,1
1307,42,4,4,4,0,0,2,4,0,2
5,19,4,4,0,1,1,3,3,0,1
946,25,2,2,1,1,1,3,3,0,3
565,22,4,4,1,1,1,1,3,0,2
1211,49,1,2,5,1,0,2,2,1,1
1457,27,3,3,5,1,1,2,4,0,3
1083,35,4,4,5,1,1,1,4,0,1
850,33,2,2,2,1,1,3,4,0,3
1455,32,2,2,6,1,1,2,3,0,3
122,26,3,4,2,1,1,3,3,0,1
1295,31,2,2,4,1,1,4,3,1,2
24,48,4,4,5,1,1,1,4,0,1
1180,22,3,4,0,1,0,3,4,0,1
456,36,4,4,3,1,1,1,4,0,2
1107,47,2,2,7,1,1,2,2,0,1
895,34,2,2,4,0,1,3,2,0,3
1022,28,3,4,0,1,0,1,3,0,1
535,24,2,4,2,1,1,3,3,0,2
1196,24,2,2,4,1,1,3,4,0,1
92,26,2,2,3,1,1,2,1,0,1
1046,28,2,3,1,1,1,3,1,0,1
682,35,4,4,4,1,1,1,4,0,3
200,42,1,4,11,0,1,2,2,1,1
612,37,4,4,4,0,0,2,4,0,2
1117,26,4,4,0,1,1,3,4,0,1
1133,28,3,4,0,1,0,3,4,0,1
47,45,4,4,0,1,1,2,4,0,1
988,25,2,3,5,1,1,2,3,0,3
1246,21,4,4,1,1,1,1,4,0,2
691,29,2,4,3,1,1,3,3,0,3
439,30,2,4,1,1,0,3,4,0,2
1206,47,1,2,2,1,1,2,4,0,1
864,32,1,4,4,1,1,3,2,0,3
371,37,2,3,4,1,1,2,3,0,1
1047,28,3,4,1,0,1,2,2,0,1
395,37,4,4,2,0,1,1,4,0,1
418,26,4,4,2,1,0,1,4,0,2
806,35,4,4,2,1,0,1,4,0,3
703,29,2,3,4,1,1,2,1,0,3
831,29,2,3,5,1,1,2,4,0,3
1140,22,2,4,1,1,1,3,4,0,1
1027,41,2,2,5,0,1,2,2,0,1
1039,24,3,4,0,1,0,2,3,0,1
506,22,4,4,1,1,1,1,2,0,2
161,30,4,4,0,1,0,1,4,0,1
774,32,4,4,2,1,0,3,4,0,3
1449,19,4,4,1,1,1,2,3,0,3
219,31,3,3,2,1,0,2,3,0,1
873,26,2,3,2,1,1,3,3,0,3
1124,38,2,2,6,1,1,3,4,0,1
1055,43,1,2,8,1,1,2,2,1,1
1370,30,2,2,6,1,0,2,3,0,3
435,45,4,4,7,1,1,1,4,0,2
183,48,2,1,3,1,0,4,3,0,1
1187,21,2,3,0,1,1,3,4,0,1
1341,36,4,4,4,1,1,1,3,0,3
739,32,4,4,2,1,0,1,3,0,3
379,46,1,2,8,1,1,3,3,1,1
1309,37,4,4,4,0,1,2,4,0,2
1210,33,3,3,3,1,1,3,4,0,1
621,30,3,3,2,1,1,2,3,0,2
859,24,3,4,2,1,1,3,3,0,3
258,44,2,2,1,1,0,3,2,0,1
626,32,4,4,2,0,0,2,4,0,2
1231,27,4,4,3,1,1,1,3,0,2
83,28,4,4,0,0,0,1,4,0,1
347,32,1,2,4,1,1,3,2,1,1
1384,36,4,4,3,1,1,1,4,0,3
921,45,3,4,2,0,1,3,3,0,3
759,28,4,4,1,1,1,1,3,0,3
311,36,3,3,2,1,0,2,4,0,1
1106,45,3,4,0,1,1,1,3,0,1
1323,21,3,3,1,0,1,3,2,0,3
761,43,3,3,8,1,1,1,3,0,3
382,37,2,3,2,0,0,3,3,0,1
1044,31,4,4,3,1,0,2,3,0,1
430,23,4,4,1,1,1,1,2,0,2
307,39,3,4,6,1,1,1,4,0,1
641,41,4,4,4,1,0,1,4,0,2
1437,27,4,4,1,1,1,1,4,0,3
1248,44,3,3,9,1,1,1,1,0,2
1010,26,2,4,3,1,1,3,4,0,1
983,33,4,4,2,1,1,2,4,0,3
1201,25,4,4,3,1,1,1,2,0,1
733,19,2,4,1,1,1,2,3,0,3
1345,44,4,4,4,0,1,2,3,0,3
405,23,3,3,2,1,1,3,3,0,1
265,22,4,4,0,1,1,1,3,0,1
896,39,4,4,2,0,1,3,4,0,3
592,32,3,4,5,1,1,1,2,0,2
986,25,4,4,1,1,1,1,4,0,3
77,45,3,4,3,1,1,1,4,0,1
783,38,4,4,6,1,1,2,4,0,3
573,25,2,3,1,1,0,4,4,0,2
55,20,2,2,2,1,1,2,2,1,1
772,39,4,4,2,0,1,1,3,0,3
705,20,2,3,1,1,1,2,1,0,3
1120,39,2,3,10,1,1,3,4,0,1
1080,25,3,4,3,1,1,1,1,0,1
1135,26,2,3,1,1,0,4,4,0,1
503,28,3,3,3,1,1,1,2,0,2
388,28,2,4,1,1,0,3,4,0,1
1298,39,3,4,5,1,1,3,4,0,2
17,39,2,2,6,1,1,2,4,0,1
747,44,4,4,11,1,1,1,4,0,3
683,35,4,4,1,0,1,1,4,0,3
1250,27,4,4,1,1,0,3,3,0,2
128,43,1,3,2,1,0,2,2,1,1
1016,20,3,4,0,1,1,3,3,0,1
1023,23,4,4,1,1,0,3,3,0,1
1084,28,2,4,0,1,1,3,1,0,1
883,28,3,3,4,1,1,3,3,0,3
815,25,2,4,3,1,1,3,3,0,3
1336,29,2,3,3,1,1,3,3,0,3
1191,25,4,4,0,0,1,2,4,0,1
884,22,3,4,1,0,0,1,4,0,3
1054,25,4,4,1,1,1,1,4,0,1
1051,36,1,4,2,1,1,2,2,0,1
290,24,4,4,1,1,1,2,2,0,1
1327,30,2,3,7,1,1,3,3,0,3
518,33,3,4,5,0,1,3,3,0,2
331,35,1,2,0,1,0,4,4,0,1
1167,48,3,4,8,1,1,3,3,0,1
232,21,3,4,0,1,0,3,1,0,1
948,32,3,4,4,1,1,3,2,0,3
958,41,3,3,7,0,1,2,4,0,3
523,26,3,3,2,1,1,3,2,0,2
845,32,2,3,4,1,0,2,2,0,3
45,25,1,4,1,1,1,2,1,0,1
59,49,4,4,6,1,1,1,2,0,1
251,33,4,4,5,1,1,3,3,0,1
869,28,3,4,5,1,1,2,4,0,3
162,44,1,3,0,1,1,2,3,0,1
1321,34,3,3,6,1,1,1,4,0,3
1213,31,4,4,0,0,0,2,4,0,1
866,26,1,2,3,1,0,3,2,0,3
197,36,3,4,6,1,1,2,4,0,1
1416,28,4,3,2,1,1,3,2,0,3
923,21,2,2,1,1,1,3,2,0,3
945,23,2,3,2,1,0,3,2,0,3
1434,24,4,4,1,1,1,1,3,0,3
1204,38,2,2,10,1,1,3,2,0,1
448,36,4,4,3,0,1,1,3,0,2
1358,26,4,4,2,1,1,3,3,0,3
505,33,4,4,4,1,1,1,4,0,2
617,35,2,2,6,1,1,3,4,0,2
475,34,4,4,3,1,1,1,4,0,2
689,41,4,4,1,1,1,3,3,0,3
1227,26,2,4,2,1,1,1,4,0,2
61,20,2,3,1,1,1,2,3,0,1
943,21,3,3,1,1,1,3,2,0,3
32,26,2,4,0,1,0,1,2,0,1
1177,41,1,3,3,1,0,2,4,0,1
16,48,1,1,7,1,1,2,4,0,1
911,35,2,4,6,1,1,3,4,0,3
839,25,3,3,3,1,1,2,1,0,3
1418,47,4,4,5,1,1,3,2,0,3
4,36,3,3,8,1,1,3,2,0,1
1353,26,4,4,1,1,0,2,4,0,3
1004,23,2,2,2,1,1,3,3,0,1
1256,47,4,4,4,0,1,2,4,0,2
68,23,3,4,2,1,1,3,4,0,1
147,41,4,4,2,1,1,1,4,0,1
1116,19,4,4,1,1,1,1,3,0,1
33,33,2,2,2,1,1,3,1,0,1
268,38,3,3,7,1,1,3,1,0,1
226,37,3,3,2,1,1,1,4,0,1
679,30,2,2,4,1,1,2,1,0,3
858,29,2,4,2,1,1,3,2,0,3
812,25,3,3,3,1,1,3,2,0,3
1402,25,3,4,2,1,1,3,3,0,3
123,20,2,3,1,0,1,3,2,0,1
1264,37,4,4,4,1,1,1,4,0,2
119,26,2,3,2,1,1,3,3,0,1
282,22,4,4,0,1,1,1,4,0,1
442,46,4,4,2,1,0,1,4,0,2
1282,43,3,3,6,1,0,3,2,0,2
336,34,4,3,0,0,0,3,3,0,1
773,27,3,4,4,1,1,3,3,0,3
671,26,2,4,3,1,1,3,4,0,3
1301,25,3,1,2,1,0,3,4,0,2
863,20,4,3,1,1,1,3,4,0,3
539,27,4,4,3,1,1,1,4,0,2
1226,35,4,4,5,1,0,1,4,0,2
1068,30,4,4,4,1,1,2,4,0,1
829,22,4,4,1,1,0,2,4,0,3
619,37,4,4,4,1,1,1,4,0,2
1112,18,3,4,1,1,1,3,3,0,1
364,29,3,2,0,1,1,2,2,0,1
861,38,3,4,7,1,1,3,2,0,3
952,26,3,4,4,1,1,2,4,0,3
497,26,4,4,1,0,1,2,4,0,2
543,35,4,4,4,0,1,3,3,0,2
1454,31,3,4,5,1,1,1,4,0,3
22,46,4,4,1,0,1,1,4,0,1
158,45,1,4,5,1,1,1,2,1,1
15,26,2,4,0,1,1,4,1,0,1
751,24,4,4,2,1,1,1,4,0,3
627,44,4,4,4,1,1,1,4,0,2
756,35,4,4,6,1,1,1,4,0,3
441,48,4,3,7,1,0,2,4,0,2
1088,46,3,1,5,1,1,3,2,0,1
821,26,3,4,2,1,1,3,3,0,3
960,40,2,4,3,0,1,3,4,0,3
1026,39,2,2,5,1,0,3,2,1,1
589,44,4,4,5,1,1,1,4,0,2
1470,39,3,3,8,1,0,1,4,0,3
890,33,3,4,6,1,1,3,2,0,3
403,43,1,2,1,1,1,3,4,1,1
912,24,2,3,5,1,1,3,3,0,3
646,24,4,4,1,1,0,1,4,0,3
1410,21,4,4,2,1,1,3,3,0,3
595,42,4,4,5,1,1,1,4,0,2
1276,36,4,4,3,1,1,3,3,0,2
1134,27,3,4,0,1,1,3,3,0,1
841,34,1,4,4,1,1,3,4,1,3
1079,36,2,1,6,1,1,2,3,0,1
1462,21,4,4,1,0,1,2,4,0,3
329,39,3,4,1,0,1,3,4,0,1
404,29,3,4,4,1,0,1,3,0,1
1407,36,2,3,6,1,1,2,4,0,3
657,28,4,4,1,1,1,3,2,0,3
1066,49,1,2,8,1,1,3,1,1,1
468,24,1,4,1,1,0,4,2,1,2
1420,44,4,4,5,1,1,3,4,0,3
1257,41,4,4,3,1,0,2,3,0,2
1215,35,4,4,3,1,1,1,4,0,2
814,17,3,4,1,1,1,2,1,0,3
918,30,4,4,2,1,1,4,3,0,3
681,23,4,3,1,1,1,2,2,0,3
1077,33,1,1,5,1,1,3,1,1,1
151,21,1,3,4,1,1,3,2,0,1
533,43,3,4,2,1,0,2,4,0,2
207,31,3,4,0,1,0,2,3,0,1
185,33,2,3,1,1,1,3,4,0,1
736,19,3,3,3,1,1,2,3,0,3
165,37,3,4,1,1,1,2,4,0,1
1288,28,3,4,2,0,1,2,3,0,2
392,47,1,4,6,1,1,1,4,0,1
417,35,4,4,4,1,1,1,4,0,2
285,44,4,4,5,0,1,2,4,0,1
813,40,3,4,6,1,1,1,3,0,3
837,26,2,3,2,1,1,2,3,0,3
811,35,1,2,6,1,1,2,2,1,3
142,47,4,4,1,1,0,1,3,0,1
1366,25,4,4,2,1,1,1,2,0,3
144,30,2,4,2,1,1,3,4,0,1
84,30,4,4,2,1,1,1,4,0,1
98,17,2,2,3,1,1,3,1,0,1
1,45,1,3,10,1,1,3,4,0,1
437,33,2,2,3,1,1,2,3,0,2
1109,35,4,4,3,1,1,1,4,0,1
1258,29,3,4,3,1,1,1,3,0,2
1429,30,4,3,4,1,1,3,3,0,3
575,32,4,4,4,0,0,2,4,0,2
225,32,4,4,4,1,0,1,3,0,1
1403,26,4,4,3,1,1,3,2,0,3
354,35,2,3,8,1,1,3,2,0,1
979,45,4,4,3,1,1,1,4,0,3
1458,27,2,2,3,1,1,2,2,1,3
1005,48,1,1,1,1,0,3,3,1,1
368,34,2,3,7,1,0,3,3,0,1
816,24,3,3,1,1,1,3,2,0,3
1172,34,3,4,4,0,1,3,1,1,1
794,24,3,3,3,1,0,2,1,0,3
827,25,3,3,3,1,1,3,3,0,3
1190,24,3,4,2,1,1,2,2,0,1
916,26,4,4,2,1,0,1,4,0,3
900,21,3,3,1,1,1,2,2,0,3
214,43,1,3,8,1,1,3,1,0,1
491,40,4,4,6,0,0,1,4,0,2
926,46,2,3,6,0,0,3,4,0,3
629,39,4,4,5,1,1,1,4,0,2
730,30,4,4,2,1,0,2,2,0,3
1095,20,3,4,1,1,1,3,2,0,1
1091,20,3,4,2,1,1,3,3,0,1
1024,27,4,4,1,0,0,2,4,0,1
1147,45,4,4,1,1,1,1,4,0,1
425,30,4,4,2,0,0,1,4,0,2
642,29,3,3,4,1,1,3,4,0,3
754,24,2,3,2,1,1,2,1,0,3
1389,38,4,4,4,1,0,1,4,0,3
234,39,1,1,5,1,0,3,1,1,1
328,49,4,4,4,1,1,3,4,0,1
73,29,2,3,1,1,1,1,2,0,1
830,19,4,4,1,1,1,2,4,0,3
516,36,4,4,4,0,1,2,4,0,2
1280,29,3,4,3,1,1,1,3,0,2
851,41,4,4,8,1,1,1,4,0,3
489,26,3,4,3,1,1,3,4,0,2
616,42,4,3,7,1,0,1,4,0,2
1249,24,4,4,1,1,1,2,4,0,2
7,21,3,3,1,1,0,3,2,0,1
670,20,3,3,2,1,1,2,4,0,3
286,22,4,4,0,1,0,1,4,0,1
1011,21,2,2,1,1,1,3,2,0,1
1114,27,3,4,0,1,0,3,3,0,1
768,25,4,4,1,0,1,1,4,0,3
19,39,2,1,5,1,1,2,1,1,1
1471,33,3,3,4,1,0,2,2,0,3
1061,30,1,3,1,1,1,3,4,0,1
1075,45,3,4,0,1,1,1,3,0,1
571,21,4,4,1,1,1,2,1,0,2
353,32,2,2,1,1,1,2,1,0,1
957,40,2,3,5,1,1,3,3,0,3
1153,26,2,3,3,1,1,3,4,0,1
378,18,2,3,1,1,1,2,3,0,1
808,29,2,4,4,1,0,2,4,0,3
640,24,3,4,5,1,1,1,2,1,2
242,41,1,4,4,1,1,3,3,0,1
163,40,3,3,1,1,0,3,3,0,1
970,31,4,4,1,1,1,1,4,0,3
656,20,3,4,2,1,1,1,3,0,3
1342,37,2,3,9,1,1,3,3,0,3
269,47,1,1,6,1,0,3,1,0,1
293,40,4,4,3,1,1,3,4,0,1
562,41,3,3,5,1,1,1,4,0,2
887,30,4,4,3,0,0,2,4,0,3
103,26,4,3,4,1,1,2,3,0,1
330,32,3,4,1,0,1,2,4,0,1
478,42,4,4,6,1,1,1,3,0,2
894,35,4,3,2,0,1,3,4,0,3
496,31,4,4,3,1,1,1,4,0,2
925,32,3,4,5,0,1,3,4,0,3
876,29,3,4,4,1,0,1,3,0,3
604,40,3,4,2,0,1,3,4,0,2
886,28,3,3,2,0,1,2,3,0,3
673,45,1,3,3,1,1,3,2,0,3
1356,30,3,4,3,0,1,3,3,0,3
1422,37,2,3,6,1,1,3,4,0,3
545,44,4,4,7,1,1,2,4,0,2
408,35,3,3,2,1,0,2,2,0,1
6,38,2,3,6,1,1,3,2,0,1
1375,26,3,3,2,1,0,2,2,0,3
755,35,4,4,4,1,1,1,4,0,3
101,19,2,3,0,1,0,2,2,0,1
407,47,3,3,2,1,1,2,4,0,1
531,45,3,3,8,1,1,2,3,0,2
450,23,4,4,1,1,1,3,4,0,2
836,27,4,4,3,1,1,3,4,1,3
1335,46,3,4,4,1,0,3,4,0,3
598,33,4,4,5,1,1,2,4,0,2
1159,43,3,4,2,0,1,3,4,0,1
778,33,4,4,2,0,0,1,3,0,3
1001,41,3,2,11,1,1,2,3,0,1
944,25,2,2,1,1,1,3,1,0,3
501,29,4,4,2,1,0,1,3,0,2
1313,41,4,4,6,1,1,1,4,0,2
296,49,3,4,9,1,1,1,4,0,1
1189,37,3,4,0,1,1,3,4,0,1
10,38,1,3,2,1,0,3,3,1,1
1067,47,1,4,7,1,1,2,3,0,1
237,24,4,4,1,1,1,3,3,0,1
1229,27,3,3,2,1,1,3,4,0,2
148,32,4,4,1,1,0,1,3,0,1
484,31,3,3,2,1,0,3,3,0,2
115,37,4,4,1,1,1,1,4,0,1
961,32,4,4,3,1,0,1,4,0,3
1098,25,1,3,1,1,1,4,2,0,1
716,34,2,4,4,1,1,3,3,0,3
672,24,3,3,2,1,1,3,3,0,3
937,28,4,4,3,0,0,3,4,0,3
452,25,3,3,1,1,1,3,1,0,2
397,48,1,1,8,1,0,2,2,1,1
854,29,3,3,6,1,1,3,3,0,3
398,19,2,2,0,1,1,2,2,0,1
1043,45,1,1,0,0,0,2,1,0,1
249,46,3,2,11,1,0,2,2,1,1
1235,26,3,4,3,1,1,2,3,0,2
643,27,2,2,5,1,1,3,1,0,3
18,37,2,2,8,1,1,2,3,0,1
245,34,4,4,2,0,1,1,4,0,1
737,27,2,2,5,1,1,3,3,0,3
1265,35,2,4,4,0,1,3,2,0,2
1194,47,4,4,1,1,1,1,4,0,1
248,27,4,4,1,1,1,1,2,0,1
630,45,4,4,4,1,1,1,4,0,2
828,35,4,4,3,1,1,1,4,0,3
138,30,4,4,2,0,1,3,1,0,1
563,43,3,4,5,1,1,3,2,1,2
847,25,3,3,1,1,1,2,1,0,3
1182,29,3,4,1,0,1,2,3,0,1
36,43,1,2,8,1,0,3,1,0,1
867,23,1,2,3,1,1,3,2,1,3
920,19,4,4,1,1,1,3,2,0,3
479,44,4,4,4,1,0,2,3,0,2
157,32,2,4,4,1,1,3,2,0,1
891,30,4,4,2,0,0,3,3,0,3
521,38,4,4,5,1,1,1,3,0,2
155,47,1,1,7,1,1,2,3,1,1
1357,30,2,3,3,1,1,3,3,0,3
135,26,3,3,3,1,0,2,4,0,1
279,48,4,4,3,1,1,2,4,0,1
504,40,2,3,6,1,1,1,2,0,2
270,30,4,4,2,1,1,1,4,0,1
940,27,2,4,4,1,1,3,4,0,3
1289,32,2,1,5,1,0,2,2,0,2
707,27,3,3,3,1,1,2,3,0,3
1442,42,4,4,3,0,1,2,4,0,3
652,30,2,2,4,1,1,2,4,0,3
420,37,3,4,3,1,1,1,3,0,2
255,36,4,4,2,1,1,3,3,0,1
1185,31,3,2,1,1,1,3,4,0,1
1290,26,2,2,4,1,1,3,4,0,2
1050,34,3,4,4,1,1,1,3,0,1
173,22,3,3,2,1,1,3,4,0,1
804,36,2,2,5,1,1,3,4,0,3
362,37,1,3,0,1,1,3,4,0,1
557,30,3,4,2,1,1,1,4,0,2
651,21,3,3,1,1,1,3,3,0,3
872,26,3,3,3,1,1,3,3,0,3
1156,31,3,4,3,0,0,2,4,0,1
1126,31,4,4,2,1,1,1,2,0,1
625,41,4,4,7,1,1,2,4,0,2
428,30,2,4,3,1,1,3,4,0,2
291,36,4,4,4,1,1,1,4,0,1
1212,21,2,4,3,1,1,3,2,0,1
338,25,4,4,0,1,0,2,4,0,1
1203,48,1,1,8,1,1,1,1,1,1
228,47,1,4,8,1,1,3,3,0,1
246,34,4,4,2,1,0,1,3,0,1
189,27,3,2,3,1,1,3,2,0,1
675,49,4,3,13,1,1,1,4,0,3
992,34,3,4,3,0,0,3,4,0,3
360,18,3,4,1,1,1,3,1,0,1
537,34,4,4,5,1,1,3,4,0,2
1286,33,3,4,2,1,1,1,4,0,2
224,47,4,4,4,1,1,1,4,0,1
424,42,2,3,7,1,1,3,4,0,2
1459,37,4,4,5,0,0,2,4,0,3
1081,49,4,4,6,0,0,1,4,0,1
477,21,4,4,1,1,1,1,4,0,2
1367,44,4,4,5,1,0,1,4,0,3
351,40,1,2,6,1,1,3,1,1,1
752,39,4,4,3,1,1,2,4,0,3
195,45,1,2,6,1,1,3,3,1,1
1285,42,4,4,3,1,0,1,4,0,2
25,40,2,4,8,1,1,3,3,0,1
653,48,4,4,16,1,1,1,4,0,3
322,45,3,4,2,0,1,1,4,0,1
304,23,4,4,1,1,0,2,4,0,1
1466,42,2,4,6,1,1,2,4,0,3
998,36,2,4,11,1,1,1,4,1,3
1361,29,3,3,2,1,1,3,2,0,3
1468,33,4,4,2,1,0,2,4,0,3
446,39,4,4,3,1,1,1,4,0,2
802,33,2,3,7,1,0,3,1,0,3
574,41,4,4,4,0,0,2,4,0,2
792,30,3,3,3,1,0,3,2,0,3
999,46,1,2,9,1,0,3,4,1,3
805,33,2,4,3,1,1,3,4,0,3
934,46,4,4,4,0,1,1,4,0,3
1296,33,4,4,3,0,1,2,4,0,2
704,22,3,2,2,1,1,2,1,0,3
878,27,4,4,2,1,1,3,4,0,3
1413,22,3,3,3,1,1,3,3,0,3
1175,22,2,2,1,1,1,3,1,1,1
1440,28,4,4,1,0,0,2,4,0,3
1292,41,3,4,3,0,1,2,4,0,2
1028,40,2,2,8,1,1,1,3,0,1
490,23,4,3,3,1,1,3,3,0,2
914,36,4,4,3,0,0,2,4,0,3
834,41,1,4,9,1,1,2,1,0,3
1181,40,2,2,6,1,1,2,2,1,1
1463,30,1,3,2,1,1,3,4,0,3
261,43,1,3,5,1,0,3,2,0,1
1193,45,4,4,1,1,1,1,4,0,1
23,39,4,4,1,1,1,1,4,0,1
966,30,3,3,4,1,0,2,2,0,3
459,42,4,4,8,0,1,1,4,0,2
1121,45,2,3,6,1,1,3,2,1,1
524,24,4,4,1,1,1,3,4,0,2
305,23,4,4,2,1,0,3,3,0,1
924,32,1,2,6,0,1,2,3,0,3
470,31,4,4,3,0,0,4,4,0,2
127,36,2,3,2,1,1,3,2,1,1
547,25,4,4,2,0,1,1,3,0,2
1372,25,4,4,2,1,1,3,3,0,3
152,44,3,4,2,1,1,1,4,1,1
154,47,1,2,4,1,1,2,2,0,1
631,33,4,4,3,1,1,1,4,0,2
1467,29,4,4,3,1,1,1,4,0,3
1188,26,4,4,2,1,1,1,3,0,1
320,40,4,4,3,0,1,3,4,0,1
256,38,3,4,2,0,1,2,4,0,1
481,35,1,3,7,1,0,2,3,1,2
50,31,4,4,0,1,0,1,4,0,1
538,31,3,4,4,1,1,1,3,0,2
742,34,2,4,7,1,1,2,3,0,3
390,33,4,4,0,1,0,3,3,0,1
43,40,4,4,2,0,1,1,4,0,1
93,38,2,2,1,1,0,3,2,0,1
1398,28,2,4,7,1,1,3,3,0,3
767,44,4,4,8,1,1,2,4,0,3
460,39,4,4,4,1,0,1,4,0,2
1317,41,4,4,4,0,1,1,4,0,2
133,28,3,4,1,1,1,3,1,1,1
1405,47,1,3,9,1,0,3,3,0,3
610,48,4,4,6,0,1,2,4,0,2
1007,31,3,4,2,1,1,3,3,0,1
421,44,2,4,4,1,1,3,3,0,2
190,30,1,2,4,1,1,4,1,0,1
1038,23,3,3,1,1,0,2,4,0,1
603,26,4,4,2,0,1,1,4,0,2
1351,21,3,2,1,1,1,3,1,1,3
109,26,2,3,3,1,1,3,1,0,1
20,26,3,4,1,1,0,4,1,0,1
982,36,4,4,3,0,1,2,4,0,3
953,39,1,2,2,1,0,2,4,0,3
880,21,3,4,1,1,1,3,2,0,3
292,47,1,2,2,1,1,2,4,0,1
29,43,1,2,8,1,1,2,4,0,1
1143,32,4,4,3,1,1,1,4,0,1
706,33,3,4,4,1,0,2,4,0,3
14,38,3,4,2,1,1,2,3,0,1
1129,28,4,4,2,1,1,1,3,0,1
78,33,2,3,2,1,1,3,2,0,1
708,25,4,4,3,1,1,1,4,0,3
566,27,4,4,1,0,0,1,4,0,2
647,36,4,4,2,1,0,1,4,0,3
1138,48,3,4,11,1,1,1,4,0,1
1161,24,4,4,4,1,1,1,4,0,1
332,21,1,2,1,1,0,3,4,0,1
1045,44,1,4,9,1,1,1,2,0,1
702,29,1,2,5,1,0,1,2,0,3
99,27,2,3,5,1,1,2,1,0,1
1365,24,4,4,1,1,1,2,3,0,3
1118,28,4,4,5,1,1,1,4,0,1
770,26,4,4,3,1,1,3,4,0,3
1348,21,4,4,2,1,1,2,3,0,3
663,30,4,4,1,1,1,1,4,0,3
1145,45,4,4,1,1,0,1,4,0,1
131,30,4,4,0,0,0,1,3,0,1
797,27,4,4,1,0,0,1,3,0,3
1438,34,2,4,6,1,1,3,3,0,3
416,46,4,3,5,1,1,1,4,0,2
776,39,4,3,4,1,1,3,4,0,3
63,22,2,3,1,1,1,2,1,0,1
193,24,3,3,2,1,1,3,3,0,1
614,38,4,4,4,0,1,3,4,0,2
1274,22,3,3,2,1,1,3,3,0,2
1096,24,3,4,2,1,1,2,4,0,1
52,40,3,4,8,1,1,3,3,0,1
96,41,2,3,1,1,0,2,3,0,1
693,34,2,3,2,1,1,2,3,0,3
227,45,1,3,1,1,1,2,3,1,1
106,22,4,4,0,1,1,1,1,0,1
576,41,4,4,4,0,0,2,4,0,2
987,31,4,4,3,1,1,4,4,0,3
1343,37,3,3,6,1,1,3,3,0,3
1412,30,3,4,3,1,1,3,4,0,3
389,20,2,3,1,1,1,3,4,0,1
239,20,3,3,1,1,1,2,3,0,1
1195,28,4,4,5,1,0,3,4,0,1
1261,23,4,4,1,0,1,1,4,0,2
623,31,4,4,3,0,1,2,4,0,2
438,28,2,3,2,1,1,3,3,0,2
3,42,3,2,9,1,1,3,3,0,1
781,37,4,4,3,1,1,2,4,0,3
1439,32,3,4,5,0,1,1,4,0,3
793,44,3,4,5,1,0,1,4,0,3
1243,22,4,4,1,1,0,2,2,0,2
1240,32,3,3,4,1,0,3,3,0,2
86,25,4,4,1,1,1,1,3,0,1
1316,44,2,3,1,0,1,2,4,0,2
581,48,4,4,7,0,1,1,4,0,2
853,22,3,4,1,1,0,1,4,0,3
1266,37,4,4,3,1,1,3,4,0,2
164,34,4,4,4,1,1,2,3,0,1
1128,42,4,4,3,1,0,1,4,0,1
1291,27,4,4,1,1,1,1,4,0,2
903,22,4,4,1,0,1,3,1,0,3
1445,36,4,4,3,0,1,3,4,0,3
662,35,4,4,2,1,1,2,4,0,3
1252,29,3,4,2,1,1,1,4,0,2
1035,48,4,4,4,0,1,1,4,0,1
865,25,2,3,2,1,1,3,1,0,3
375,23,3,3,2,1,1,2,2,0,1
667,27,2,4,3,1,1,4,4,0,3
597,44,4,4,3,1,1,1,4,0,2
168,22,4,4,0,1,1,2,4,0,1
117,44,3,4,1,1,1,1,3,0,1
485,47,3,4,11,1,0,2,3,0,2
1299,27,4,4,2,1,1,1,3,0,2
674,34,3,4,4,1,1,1,3,0,3
76,29,4,4,0,1,0,2,4,0,1
1157,36,3,3,3,0,0,2,3,1,1
240,19,3,4,1,1,1,2,3,0,1
431,18,3,4,1,1,1,3,4,0,2
1273,26,3,3,2,1,1,1,3,0,2
1089,28,1,4,0,1,0,4,1,0,1
680,27,2,4,4,1,1,2,1,0,3
1380,31,1,2,4,1,1,3,3,0,3
1305,36,3,3,4,1,1,1,3,0,2
1395,30,3,2,3,1,1,3,3,0,3
39,28,2,2,1,1,1,2,4,0,1
1421,34,2,3,3,0,1,3,2,1,3
458,46,4,4,4,1,1,1,4,0,2
517,33,4,4,3,1,1,3,4,0,2
120,38,1,2,1,1,1,2,4,1,1
60,42,3,3,10,1,1,3,3,0,1
366,42,3,3,3,1,0,2,4,0,1
1148,25,3,3,1,1,0,2,4,0,1
731,25,1,2,2,1,1,2,1,0,3
1006,23,4,4,0,1,0,1,4,0,1
546,25,4,4,1,1,1,1,4,0,2
1209,46,4,4,6,1,1,1,4,0,1
114,21,3,4,0,1,1,1,3,0,1
972,30,4,4,2,1,1,1,4,0,3
959,36,2,4,8,1,1,1,4,0,3
569,39,4,4,3,0,0,1,4,0,2
991,28,3,4,3,1,1,1,4,0,3
233,20,2,3,1,1,1,2,4,0,1
1441,29,3,3,1,0,0,2,4,0,3
512,35,4,4,2,1,0,1,4,0,2
136,24,4,4,2,1,1,3,3,0,1
777,37,4,4,3,1,0,1,4,0,3
1339,24,4,4,2,1,1,3,3,0,3
1300,48,4,4,3,0,1,1,4,0,2
888,25,3,4,3,1,0,3,4,0,3
1394,18,3,3,1,1,1,2,2,0,3
660,25,2,3,1,1,1,3,1,0,3
383,25,2,3,1,1,0,2,1,0,1
525,22,3,4,1,1,1,4,4,0,2
956,20,2,2,1,1,1,3,2,0,3
1417,46,2,2,5,1,1,2,4,0,3
599,35,2,4,3,0,0,3,4,1,2
1183,42,4,4,0,0,0,3,4,0,1
2,43,2,3,7,1,1,3,4,0,1
409,19,3,3,1,1,1,2,4,0,1
740,29,1,3,5,1,1,3,3,0,3
1150,31,3,3,2,1,0,3,3,0,1
832,21,3,4,2,1,1,3,3,0,3
396,49,1,3,6,1,1,2,4,0,1
744,37,4,4,4,1,1,3,2,0,3
100,27,1,2,4,1,1,3,1,1,1
493,39,4,4,5,1,1,2,4,0,2
40,28,1,1,3,1,1,3,1,0,1
130,48,3,4,3,1,1,3,1,0,1
35,42,1,3,9,1,1,3,2,1,1
870,22,4,4,3,1,1,3,2,0,3
1087,45,2,4,8,1,1,2,3,0,1
745,26,3,4,4,1,1,2,3,0,3
343,45,3,4,3,0,1,3,4,0,1
436,28,2,1,2,1,0,3,3,0,2
274,23,3,4,2,1,0,2,3,0,1
1179,23,3,2,0,1,1,2,2,0,1
487,40,4,4,4,1,1,1,3,0,2
1281,40,4,4,5,1,1,1,3,0,2
384,38,2,4,5,1,1,3,3,0,1
181,25,2,4,1,1,1,2,2,0,1
840,32,4,3,3,1,1,2,4,0,3
1267,35,4,4,5,1,1,2,4,0,2
1364,30,3,3,4,1,0,3,2,0,3
601,37,4,4,3,0,1,3,4,0,2
649,28,1,2,4,1,1,2,3,0,3
795,19,4,4,2,1,1,1,4,0,3
1352,25,2,4,2,1,1,2,4,0,3
580,43,4,4,6,1,1,1,4,0,2
618,34,4,4,6,1,1,3,4,0,2
412,47,1,1,1,1,1,3,4,0,1
1018,32,2,3,1,1,1,3,3,0,1
419,36,3,3,5,1,0,1,3,0,2
1383,26,3,4,2,1,0,2,4,0,3
549,41,3,4,5,1,1,1,3,0,2
1428,41,4,3,5,1,0,3,4,0,3
908,26,4,4,2,1,0,3,3,0,3
238,39,3,3,6,1,1,3,3,0,1
1228,45,4,4,3,1,1,1,4,0,2
1374,33,3,3,4,1,0,2,3,0,3
637,27,3,2,5,1,1,2,4,0,2
281,21,2,4,2,1,1,3,1,0,1
746,31,2,3,7,1,1,3,3,0,3
803,23,2,3,2,1,1,3,1,0,3
1263,45,4,4,3,1,1,1,4,0,2
1154,25,3,2,1,1,0,3,3,0,1
1076,43,4,4,3,0,1,2,4,0,1
1369,22,3,3,1,1,1,3,2,0,3
1216,31,4,4,4,1,1,3,3,0,2
182,42,1,3,12,1,1,3,3,0,1
762,28,2,2,5,1,0,2,4,0,3
1141,48,4,4,1,0,1,1,4,0,1
1186,28,4,4,3,0,0,1,4,0,1
287,23,2,4,4,1,1,3,3,0,1
692,19,4,4,1,1,1,1,3,0,3
1427,31,4,4,4,1,0,3,4,0,3
583,24,4,4,1,1,1,1,4,0,2
1113,25,2,3,2,1,1,3,2,0,1
1070,48,1,1,6,1,1,2,3,1,1
1048,33,1,2,0,1,0,3,3,0,1
223,22,1,2,0,1,1,2,4,0,1
244,32,3,4,4,1,1,1,4,0,1
696,42,4,4,7,1,1,2,4,0,3
1184,29,3,4,2,1,1,3,4,0,1
176,28,4,4,0,0,1,1,3,0,1
881,21,1,3,1,1,1,3,3,1,3
317,30,3,3,5,1,0,3,4,0,1
1176,32,2,2,2,1,1,2,4,0,1
1151,22,3,4,2,1,1,3,3,0,1
738,32,4,4,2,0,0,1,4,0,3
817,23,4,4,1,1,1,3,3,0,3
124,44,2,1,3,1,0,3,2,0,1
217,34,3,2,8,1,0,2,3,1,1
712,31,3,3,3,1,1,2,1,1,3
1304,34,4,4,4,1,0,3,3,0,2
938,28,3,3,3,1,0,2,4,0,3
1002,27,2,4,1,1,0,1,1,0,1
112,21,4,4,1,1,1,1,4,0,1
868,23,4,4,3,1,1,3,3,0,3
355,27,2,2,1,1,0,3,2,1,1
449,20,3,4,1,1,1,2,4,0,2
568,42,3,3,4,1,1,2,4,0,2
201,22,2,4,0,1,1,3,3,0,1
257,44,1,2,7,1,1,3,4,0,1
734,33,2,2,7,1,0,2,3,0,3
259,39,3,3,1,0,1,3,4,0,1
1152,46,4,4,10,1,1,1,3,0,1
686,33,3,3,3,1,1,3,3,0,3
391,33,4,4,5,1,1,3,4,0,1
42,48,2,4,2,1,1,1,3,0,1
1376,29,3,4,5,1,1,3,3,0,3
514,32,4,4,2,1,0,1,4,0,2
411,42,2,4,2,1,1,3,4,0,1
852,29,3,3,4,1,1,3,4,0,3
1443,21,2,2,0,0,1,4,4,0,3
842,23,4,4,2,1,0,2,4,0,3
750,24,2,4,2,1,1,1,4,0,3
465,38,4,4,2,1,1,1,4,0,2
34,24,2,3,1,1,1,3,3,0,1
457,40,4,4,3,1,1,1,4,0,2
1222,36,4,4,3,1,0,1,4,0,2
765,30,3,4,4,1,1,3,3,0,3
947,35,1,2,4,1,0,4,4,0,3
687,36,4,4,6,0,1,1,2,1,3
1393,20,3,3,2,1,1,2,2,1,3
218,32,3,2,4,1,1,2,2,1,1
929,37,3,4,3,0,1,3,4,0,3
184,35,3,4,5,1,0,2,2,0,1
766,38,4,4,5,1,1,2,3,0,3
376,40,3,3,3,1,1,2,2,1,1
690,38,3,4,3,1,1,3,2,0,3
283,41,3,3,5,1,1,3,4,0,1
951,25,3,4,3,1,1,3,4,0,3
791,31,3,4,5,1,1,3,1,0,3
422,32,4,4,2,1,1,1,4,0,2
1040,43,2,3,3,0,1,2,3,0,1
520,35,3,3,6,1,1,2,3,0,2
1092,28,3,3,5,1,1,3,3,0,1
541,26,4,4,1,1,0,1,3,0,2
1130,34,2,4,6,1,0,3,4,0,1
1237,29,4,4,3,1,1,1,4,0,2
1346,35,2,3,6,1,1,2,3,0,3
1392,30,2,2,2,1,1,3,2,0,3
823,30,3,3,3,1,1,3,1,0,3
695,22,4,4,1,1,1,2,3,0,3
915,47,4,4,5,1,1,1,3,0,3
192,44,1,1,11,1,1,4,1,1,1
968,35,3,4,5,1,1,1,4,0,3
620,38,4,4,6,1,1,1,4,0,2
170,47,4,4,4,1,1,1,4,0,1
444,49,4,4,10,1,1,1,4,0,2
1052,22,4,4,0,1,0,2,4,0,1
1214,42,4,4,4,1,1,3,4,0,2
1065,36,1,4,1,1,1,3,3,0,1
1058,30,1,1,7,1,1,2,3,0,1
1173,16,2,4,1,1,1,3,4,0,1
454,36,4,4,2,1,1,2,4,0,2
893,38,3,3,2,0,1,3,4,0,3
548,41,4,4,4,1,1,1,4,0,2
1030,35,3,4,6,1,0,2,2,0,1
1406,36,1,1,5,1,1,3,3,0,3
349,25,3,3,1,1,1,3,1,0,1
1424,22,2,4,2,1,1,3,2,0,3
901,30,3,4,2,1,1,1,2,0,3
554,28,4,4,4,1,1,1,3,0,2
1142,42,1,3,12,1,1,2,4,0,1
550,24,4,4,1,1,0,1,4,0,2
661,43,4,4,3,1,1,1,4,0,3
534,44,4,4,7,1,1,3,2,0,2
513,36,4,4,3,1,0,2,4,0,2
1000,35,2,2,6,1,0,3,1,1,1
544,38,4,4,6,1,1,3,3,0,2
1338,31,4,4,5,1,0,1,4,0,3
570,36,4,4,3,0,1,2,4,0,2
413,25,2,2,2,1,1,3,1,0,1
1430,32,2,4,5,1,1,3,4,0,3
140,33,4,4,2,1,1,1,3,0,1
266,45,3,4,6,1,1,2,4,0,1
1251,34,3,4,4,1,1,3,3,0,2
760,26,4,4,1,1,1,3,3,0,3
27,29,4,4,0,1,0,1,4,0,1
1029,43,3,4,10,1,1,3,3,0,1
907,25,3,3,2,1,1,2,3,0,3
1139,47,2,3,12,1,1,3,1,0,1
1259,25,4,4,1,1,0,1,4,0,2
1408,36,4,4,3,1,1,2,4,0,3
1041,24,3,3,2,1,0,3,2,0,1
118,49,4,3,5,1,1,2,3,0,1
302,25,3,3,1,1,1,3,4,0,1
758,48,3,4,3,1,1,2,3,0,3
1260,33,4,4,2,0,0,1,3,0,2
358,49,2,3,0,1,1,1,2,0,1
324,28,4,4,1,0,1,1,3,0,1
213,48,1,3,5,1,1,3,2,0,1
1404,37,2,4,5,1,1,1,4,0,3
971,25,4,4,2,1,1,2,4,0,3
1347,25,4,4,3,1,1,3,3,0,3
264,31,2,4,5,1,1,3,2,0,1
1269,38,2,2,8,1,1,2,2,0,2
110,45,4,4,1,1,0,3,3,0,1
434,20,3,4,1,1,1,3,2,0,2
1433,42,4,4,5,0,1,2,4,0,3
380,37,3,3,6,1,1,2,2,0,1
1414,23,4,3,2,1,0,2,3,0,3
231,26,2,4,1,1,1,1,3,0,1
856,28,2,3,3,1,1,3,4,0,3
763,22,3,4,3,1,1,2,3,0,3
295,49,3,4,6,1,1,1,4,0,1
323,21,1,3,0,1,0,3,4,1,1
82,24,2,4,1,1,0,4,4,0,1
156,35,4,4,2,1,0,2,4,0,1
319,32,2,3,4,0,1,2,4,0,1
1144,33,4,4,3,0,0,1,3,0,1
1423,34,4,4,2,0,1,1,4,0,3
1472,17,3,3,1,1,1,2,4,0,3
862,23,3,2,2,1,0,3,2,0,3
463,37,4,4,3,1,1,1,4,0,2
955,35,3,2,9,1,0,3,4,0,3
509,35,4,4,5,1,0,1,3,0,2
1272,29,4,4,3,1,1,3,2,0,2
1340,24,2,4,3,1,1,3,3,0,3
1387,25,3,4,2,1,0,2,4,0,3
1464,23,2,2,1,1,1,2,4,0,3
993,46,3,4,9,1,1,3,4,0,3
406,24,2,2,3,1,1,2,4,0,1
664,29,1,4,3,1,1,4,4,1,3
250,34,4,4,3,0,1,1,2,0,1
639,25,2,4,3,1,1,1,4,1,2
9,45,1,1,8,1,1,2,2,1,1
469,42,2,4,8,1,1,1,4,0,2
26,38,4,4,1,1,0,1,4,0,1
1400,27,3,4,4,1,1,3,4,0,3
58,21,2,3,0,1,1,3,4,0,1
1198,47,2,3,5,1,1,1,1,0,1
74,21,3,4,0,1,1,2,3,0,1
216,42,3,2,1,1,1,3,3,0,1
1021,41,2,4,1,1,1,2,3,0,1
80,24,4,4,0,0,1,1,4,0,1
1031,32,3,4,0,1,1,3,4,0,1
284,29,2,4,2,1,0,4,4,1,1
1253,26,4,4,1,1,0,2,3,0,2
889,33,4,4,4,1,1,2,3,0,3
1297,35,4,4,5,1,1,1,4,0,2
1284,24,4,4,2,1,1,2,4,0,2
855,26,3,4,3,1,1,3,3,0,3
1362,29,1,2,1,1,1,3,3,0,3
374,49,1,3,0,1,1,3,3,1,1
65,24,2,4,1,1,1,3,1,0,1
426,39,4,4,4,1,1,1,4,0,2
299,26,4,4,1,1,1,1,4,0,1
1137,37,3,4,4,1,0,2,4,0,1
1397,22,3,3,2,1,1,3,1,0,3
333,47,4,4,1,0,1,1,4,0,1
1073,48,3,4,5,1,1,2,3,0,1
1217,42,4,4,6,1,1,1,3,0,2
370,38,3,3,5,1,1,1,4,0,1
572,36,3,4,4,0,0,2,4,0,2
1136,26,3,4,1,0,1,2,2,0,1
1311,42,3,3,4,0,1,3,4,0,2
178,45,2,4,2,1,0,2,4,0,1
930,37,3,4,4,0,1,2,4,0,3
222,37,1,2,2,1,1,2,2,1,1
1064,29,3,4,2,1,1,1,3,0,1
132,48,1,2,8,1,1,3,1,0,1
1315,34,4,4,2,0,0,3,2,0,2
606,36,3,4,3,0,0,3,4,0,2
973,22,1,2,2,1,1,3,4,0,3
779,32,4,4,3,1,0,1,4,0,3
529,47,2,2,7,1,1,2,4,0,2
202,36,2,4,2,1,0,2,4,0,1
429,38,4,4,4,0,0,1,2,0,2
1165,32,4,4,1,0,1,1,4,0,1
194,18,3,4,0,1,0,3,1,0,1
51,49,4,4,7,0,1,2,4,0,1
153,23,4,4,2,1,1,2,4,0,1
129,25,3,4,0,1,1,1,3,0,1
363,30,2,3,2,1,0,2,4,0,1
1447,34,4,4,2,0,0,2,4,0,3
932,29,2,3,4,1,1,3,2,0,3
1003,25,4,4,0,1,0,3,4,0,1
528,29,4,4,2,1,0,1,3,0,2
174,25,3,2,2,1,1,3,2,0,1
1078,37,3,4,7,1,1,3,4,0,1
1320,32,3,2,5,1,1,3,3,0,3
551,33,4,4,3,1,1,3,3,0,2
1460,22,4,3,1,1,1,2,2,0,3
1155,20,4,4,0,0,0,2,4,0,1
593,27,4,4,2,1,0,1,3,0,2
582,28,4,4,2,1,1,1,3,0,2
196,25,2,2,3,1,0,3,1,0,1
1373,33,4,4,2,1,0,1,4,0,3
28,24,4,4,0,1,0,2,2,0,1
1224,40,4,4,4,1,1,1,4,0,2
1171,45,2,2,7,1,1,3,1,1,1
352,24,2,2,2,1,1,3,1,1,1
102,27,2,4,3,1,0,3,2,0,1
928,36,4,4,3,0,1,3,4,0,3
807,25,2,3,4,1,1,3,3,0,3
990,23,2,3,3,1,1,2,3,0,3
67,30,2,3,3,1,1,3,1,0,1
104,23,2,4,2,1,1,3,3,0,1
308,21,3,3,0,1,1,2,2,0,1
387,19,4,4,0,0,1,3,4,0,1
933,28,4,4,2,0,1,2,4,0,3
1059,25,4,4,1,1,1,3,4,0,1
824,29,3,4,5,1,1,1,2,0,3
527,45,3,3,7,1,1,3,4,0,2
203,27,2,3,2,1,1,3,3,0,1
609,45,3,3,6,0,1,2,4,0,2
276,47,2,1,5,0,1,2,4,0,1
62,47,1,2,2,1,0,1,3,0,1
486,38,4,4,6,1,0,3,3,0,2
241,40,3,3,4,1,1,2,2,0,1
1122,30,3,4,4,0,1,2,3,0,1
1446,45,2,3,3,0,0,2,4,0,3
273,49,2,4,6,0,1,2,3,0,1
313,40,4,4,2,1,1,3,4,0,1
1090,21,2,4,0,1,1,2,2,0,1
1178,22,3,3,2,1,1,2,4,0,1
984,32,4,4,3,1,0,1,4,0,3
1396,35,2,3,6,1,0,3,2,0,3
1015,22,4,4,0,1,1,3,2,0,1
141,30,4,4,0,0,0,3,3,0,1
818,25,2,4,3,1,1,3,2,0,3
1233,30,4,4,3,1,1,2,1,0,2
1223,45,2,2,9,1,1,3,3,0,2
1162,33,2,2,3,0,0,2,4,0,1
267,42,3,4,10,1,0,3,2,0,1
87,35,4,4,3,0,1,1,4,0,1
882,22,3,4,1,1,1,3,3,0,3
711,39,3,4,2,1,1,1,3,0,3
790,34,4,4,2,1,1,1,4,0,3
81,49,4,4,6,0,0,1,4,0,1
1060,42,4,4,1,1,0,1,4,0,1
508,32,4,4,3,0,1,3,3,0,2
139,20,4,4,1,1,1,1,4,0,1
350,19,2,2,2,1,1,3,1,0,1
1071,47,1,2,2,1,1,2,3,1,1
556,32,3,3,6,1,0,3,3,0,2
655,29,4,4,2,1,1,3,4,0,3
365,20,2,3,3,1,1,3,4,0,1
1082,30,4,4,1,1,0,1,4,0,1
644,40,3,4,5,1,1,1,2,0,3
79,38,4,4,1,1,0,1,4,0,1
885,23,3,2,1,1,1,3,3,0,3
186,20,2,4,0,1,1,3,2,0,1
1174,18,3,2,1,1,1,3,1,0,1
499,29,4,4,1,1,0,2,4,0,2
995,21,2,1,3,1,0,3,1,1,3
57,37,3,4,7,1,1,2,1,0,1
1337,21,3,4,1,1,0,3,4,0,3
462,36,4,4,3,1,1,1,4,0,2
1017,35,4,4,1,1,1,1,3,0,1
1042,29,2,4,0,1,0,3,4,0,1
1125,42,3,3,5,1,1,2,2,0,1
66,44,4,2,8,1,1,3,3,0,1
327,35,4,4,2,0,1,3,4,0,1
1318,36,4,4,3,1,1,1,4,0,2
1411,25,4,4,2,1,1,2,3,0,3
722,40,3,4,3,1,0,1,4,0,3
348,25,2,2,3,1,1,3,3,0,1
898,38,4,4,2,1,0,1,4,0,3
714,30,3,3,7,1,1,3,4,0,3
1094,38,1,2,6,1,1,2,1,1,1
511,23,3,3,2,1,0,3,4,0,2
591,35,3,4,3,1,1,2,2,0,2
1350,16,2,3,1,1,1,3,1,0,3
49,26,4,4,0,1,0,1,4,0,1
1444,22,4,4,2,1,1,3,4,0,3
301,29,4,2,0,1,0,2,2,0,1
771,20,4,4,2,1,1,1,3,0,3
1385,28,4,4,1,1,1,2,4,0,3
482,24,4,4,1,1,1,3,2,0,2
1278,32,4,4,2,1,0,3,4,0,2
280,43,2,3,6,1,0,3,3,0,1
294,29,4,4,1,1,1,1,3,0,1
1168,34,1,3,4,1,0,3,4,0,1
977,38,4,4,3,0,0,3,3,1,3
1415,36,3,4,9,1,1,3,4,0,3
423,25,2,4,6,1,1,3,4,0,2
1277,26,3,4,3,1,1,1,4,0,2
1207,27,4,4,3,1,1,1,4,0,1
724,32,4,4,3,1,1,1,4,0,3
1169,31,1,1,6,1,1,3,2,0,1
632,39,4,4,3,0,1,1,4,0,2
175,32,2,4,0,1,0,3,4,0,1
427,26,1,1,2,1,1,3,4,0,2
1377,32,3,3,4,1,1,2,1,0,3
849,38,2,3,3,1,1,2,4,0,3
1453,28,1,3,5,1,1,3,4,0,3
326,44,1,3,4,1,1,3,3,1,1
492,37,4,4,3,1,1,1,4,0,2
764,26,3,3,3,1,1,3,3,0,3
150,44,4,4,3,1,1,2,4,0,1
997,28,2,3,6,1,1,2,4,0,3
775,48,3,4,8,1,0,1,4,0,3
500,36,2,1,6,1,1,2,1,0,2
1456,40,2,2,4,0,0,2,4,0,3
209,34,2,3,3,1,0,3,2,0,1
522,25,3,1,4,1,1,3,1,0,2
1037,37,4,4,2,1,1,1,4,0,1
1123,47,2,4,2,1,1,3,2,1,1
906,28,4,4,4,1,1,2,3,0,3
588,29,4,4,2,1,1,3,4,0,2
260,47,1,2,7,1,0,3,2,0,1
1032,49,2,3,4,1,1,2,3,0,1
974,31,4,4,3,1,1,1,4,0,3
1160,20,3,4,0,1,1,3,3,0,1
253,26,4,4,1,1,0,1,4,0,1
1230,32,4,4,4,1,1,1,2,0,2
1086,27,4,4,2,1,0,1,4,0,1
688,36,4,4,4,0,1,1,4,0,3
796,28,4,4,5,1,1,2,4,0,3
904,25,1,2,3,1,1,2,3,0,3
1328,17,3,4,1,1,1,3,3,0,3
922,35,1,2,5,1,1,2,2,1,3
1435,37,4,4,6,1,1,1,4,0,3
668,33,2,4,3,1,1,2,4,0,3
356,23,2,4,2,1,1,1,4,0,1
729,32,4,4,4,1,1,1,3,0,3
300,29,1,2,7,1,1,2,4,0,1
965,22,2,2,3,1,0,3,3,0,3
939,34,4,4,6,1,1,2,2,0,3
835,37,2,4,3,1,1,2,3,0,3
143,35,4,4,2,0,1,3,3,0,1
498,44,4,4,5,1,0,1,4,0,2
315,37,2,3,5,0,0,2,4,0,1
1245,38,3,4,7,0,1,2,3,0,2
243,22,4,4,2,1,1,1,3,0,1
798,29,3,3,3,1,1,2,1,0,3
466,27,3,3,1,0,0,2,4,0,2
169,20,3,4,0,1,0,2,4,0,1
874,24,4,3,3,1,1,3,3,0,3
160,23,1,1,3,1,1,2,1,1,1
741,23,3,4,1,1,1,2,3,0,3
1158,47,3,2,5,1,1,4,4,0,1
488,35,3,3,4,1,1,3,2,0,2
1025,33,4,4,2,0,1,1,4,0,1
1242,38,2,3,4,1,1,1,2,0,2
414,20,2,3,3,1,1,3,4,0,1
897,47,4,3,4,1,1,1,3,0,3
962,24,3,4,4,1,1,2,3,0,3
1225,30,2,2,7,1,1,3,4,0,2
1085,30,4,2,0,1,0,3,3,0,1
494,25,4,4,2,1,1,2,4,0,2
1149,36,4,3,3,1,0,3,2,0,1
451,26,2,4,2,1,1,1,3,0,2
594,44,4,4,4,1,1,1,4,0,2
1302,38,4,4,4,1,1,2,4,0,2
111,32,3,3,7,1,0,2,3,0,1
310,47,3,4,3,1,1,2,3,0,1
969,38,4,4,2,1,1,3,4,0,3
41,47,2,3,0,1,0,1,3,0,1
1241,23,3,1,1,1,0,3,3,0,2
1247,43,1,3,4,1,1,1,4,0,2
341,42,3,3,8,1,1,4,3,0,1
198,30,1,1,5,1,1,2,2,0,1
559,29,4,3,4,1,0,3,2,0,2
615,30,3,4,7,1,1,2,4,0,2
289,35,1,3,0,1,1,2,2,1,1
316,28,1,4,2,1,0,2,3,0,1
48,26,4,4,1,1,1,1,4,0,1
678,24,3,4,3,1,1,1,4,0,3
473,36,4,4,4,0,0,1,4,0,2
976,29,2,3,3,1,0,3,2,0,3
187,36,2,3,4,1,1,3,1,1,1
748,35,3,4,4,1,1,1,4,0,3
833,21,3,3,1,1,1,3,3,0,3
1036,42,4,4,3,1,1,1,4,0,1
780,25,4,4,2,1,1,1,3,0,3
37,25,3,3,4,1,1,3,2,0,1
552,29,4,4,3,1,0,3,3,0,2
718,32,4,4,3,0,1,1,4,0,3
1220,28,3,4,3,1,1,1,4,0,2
975,29,4,4,3,1,1,3,4,0,3
1105,36,2,3,6,1,1,2,3,0,1
1399,21,3,3,1,1,1,3,1,0,3
719,41,4,4,5,1,1,1,4,0,3
1271,35,1,2,9,1,0,3,1,0,2
634,34,3,3,6,1,1,3,4,0,2
298,28,4,4,3,0,1,1,4,0,1
1275,30,2,3,5,1,1,3,1,1,2
415,33,3,3,6,1,1,3,4,0,2
1014,25,4,4,2,1,1,3,2,0,1
1100,24,4,4,1,1,0,1,3,0,1
105,40,3,3,3,1,1,3,2,0,1
97,28,4,4,5,1,1,2,1,0,1
116,34,4,4,3,0,0,3,3,0,1
935,34,4,3,3,0,1,2,4,0,3
271,28,3,4,1,1,1,3,4,0,1
1163,41,3,4,3,0,1,2,4,0,1
215,27,3,4,2,1,0,2,2,0,1
715,43,3,3,5,1,0,3,3,0,3
188,19,3,3,2,1,1,3,2,0,1
146,45,4,4,4,1,1,2,3,0,1
1200,26,1,3,1,1,1,3,1,0,1
480,19,4,4,1,1,1,2,3,0,2
980,26,3,4,3,1,1,3,2,0,3
717,43,4,4,3,1,1,1,4,0,3
53,34,4,4,1,0,0,2,3,0,1
1102,20,3,4,2,1,1,3,2,0,1
669,35,2,3,6,1,0,3,3,0,3
954,21,3,3,2,1,1,2,3,0,3
85,33,4,4,2,1,1,1,4,0,1
558,37,4,4,5,1,1,3,4,0,2
1192,22,2,1,0,1,1,2,2,0,1
723,21,4,4,1,1,1,2,3,0,3
1234,34,4,4,4,1,1,2,4,0,2
1111,28,4,4,1,1,0,1,3,0,1
